model,mode,item_id,m1,m2,m3,m4,m5,m6,q,level
Grok,zero_shot,vessel_01,100.0,58.3,77.0,33.3,70.0,70.0,70.1,satisfactory
Grok,zero_shot,vessel_02,100.0,79.2,77.0,33.3,100.0,100.0,81.3,high
Grok,zero_shot,vessel_03,100.0,75.0,77.0,33.3,100.0,100.0,80.3,high
Grok,zero_shot,vessel_04,100.0,62.5,77.0,33.3,70.0,85.0,72.7,satisfactory
Grok,zero_shot,vessel_05,100.0,75.0,77.0,66.7,70.0,70.0,79.3,satisfactory
Grok,zero_shot,vessel_06,100.0,50.0,77.0,33.3,70.0,100.0,71.0,satisfactory
Grok,zero_shot,vessel_07,100.0,70.8,77.0,33.3,100.0,100.0,79.3,satisfactory
Grok,zero_shot,vessel_08,100.0,75.0,77.0,33.3,100.0,100.0,80.3,high
Grok,zero_shot,vessel_09,100.0,54.2,77.0,0.0,70.0,70.0,64.1,satisfactory
Grok,zero_shot,vessel_10,100.0,70.8,77.0,0.0,70.0,70.0,68.3,satisfactory
Grok,zero_shot,vessel_11,100.0,58.3,77.0,0.0,100.0,70.0,68.1,satisfactory
Grok,zero_shot,vessel_15,100.0,70.8,77.0,0.0,100.0,70.0,71.3,satisfactory
Grok,zero_shot,vessel_20,100.0,79.2,77.0,33.3,70.0,100.0,78.3,satisfactory
Grok,zero_shot,vessel_21,100.0,83.3,77.0,33.3,100.0,100.0,82.4,high
Grok,zero_shot,vessel_22,100.0,66.7,77.0,0.0,100.0,100.0,73.2,satisfactory
Grok,zero_shot,vessel_23,100.0,75.0,77.0,0.0,100.0,100.0,75.3,satisfactory
Grok,zero_shot,vessel_24,100.0,62.5,77.0,33.3,70.0,100.0,74.2,satisfactory
Grok,zero_shot,vessel_25,100.0,75.0,77.0,33.3,100.0,100.0,80.3,high
Grok,zero_shot,vessel_26,100.0,83.3,77.0,0.0,100.0,100.0,77.4,satisfactory
Grok,few_shot,vessel_01,100.0,54.2,87.4,66.7,10.0,70.0,69.7,satisfactory
Grok,few_shot,vessel_02,100.0,54.2,87.4,66.7,40.0,70.0,72.7,satisfactory
Grok,few_shot,vessel_03,100.0,75.0,87.4,66.7,100.0,100.0,86.9,high
Grok,few_shot,vessel_04,100.0,41.7,87.4,66.7,10.0,100.0,69.5,satisfactory
Grok,few_shot,vessel_05,100.0,83.3,87.4,100.0,70.0,70.0,87.9,high
Grok,few_shot,vessel_06,100.0,50.0,87.4,33.3,70.0,70.0,69.6,satisfactory
Grok,few_shot,vessel_07,100.0,91.7,87.4,100.0,100.0,100.0,96.0,high
Grok,few_shot,vessel_08,100.0,45.8,87.4,0.0,40.0,40.0,57.6,unsatisfactory
Grok,few_shot,vessel_09,100.0,54.2,87.4,0.0,40.0,40.0,59.7,unsatisfactory
Grok,few_shot,vessel_10,100.0,75.0,87.4,33.3,100.0,70.0,78.9,satisfactory
Grok,few_shot,vessel_11,100.0,62.5,87.4,33.3,100.0,100.0,78.7,satisfactory
Grok,few_shot,vessel_15,100.0,58.3,87.4,66.7,70.0,70.0,76.7,satisfactory
Grok,few_shot,vessel_20,100.0,37.5,87.4,0.0,40.0,40.0,55.5,unsatisfactory
Grok,few_shot,vessel_21,100.0,83.3,87.4,66.7,100.0,100.0,88.9,high
Grok,few_shot,vessel_22,100.0,66.7,87.4,66.7,100.0,100.0,84.8,high
Grok,few_shot,vessel_23,100.0,83.3,87.4,100.0,100.0,100.0,93.9,high
Grok,few_shot,vessel_24,100.0,70.8,87.4,66.7,100.0,100.0,85.8,high
Grok,few_shot,vessel_25,100.0,66.7,87.4,33.3,100.0,100.0,79.8,satisfactory
Gemini,zero_shot,vessel_01,100.0,29.2,40.1,0.0,0.0,10.0,39.3,unusable
Gemini,zero_shot,vessel_02,100.0,66.7,40.1,33.3,100.0,100.0,72.7,satisfactory
Gemini,zero_shot,vessel_03,100.0,87.5,40.1,66.7,100.0,100.0,82.9,high
Gemini,zero_shot,vessel_04,100.0,70.8,40.1,66.7,70.0,100.0,75.7,satisfactory
Gemini,zero_shot,vessel_05,100.0,79.2,40.1,100.0,70.0,70.0,79.8,satisfactory
Gemini,zero_shot,vessel_06,100.0,70.8,40.1,33.3,70.0,70.0,67.7,satisfactory
Gemini,zero_shot,vessel_07,100.0,87.5,40.1,100.0,70.0,100.0,84.9,high
Gemini,zero_shot,vessel_08,100.0,66.7,40.1,66.7,100.0,100.0,77.7,satisfactory
Gemini,zero_shot,vessel_09,100.0,91.7,40.1,33.3,100.0,100.0,78.9,satisfactory
Gemini,zero_shot,vessel_10,100.0,79.2,40.1,33.3,70.0,100.0,72.8,satisfactory
Gemini,zero_shot,vessel_11,100.0,87.5,40.1,100.0,70.0,70.0,81.9,high
Gemini,zero_shot,vessel_15,100.0,100.0,40.1,33.3,100.0,100.0,81.0,high
Gemini,zero_shot,vessel_20,100.0,66.7,40.1,66.7,100.0,100.0,77.7,satisfactory
Gemini,zero_shot,vessel_21,100.0,54.2,40.1,66.7,100.0,100.0,74.6,satisfactory
Gemini,zero_shot,vessel_22,100.0,45.8,40.1,0.0,40.0,40.0,50.5,unsatisfactory
Gemini,zero_shot,vessel_23,100.0,54.2,40.1,66.7,70.0,100.0,71.6,satisfactory
Gemini,zero_shot,vessel_24,100.0,70.8,40.1,0.0,70.0,70.0,62.7,satisfactory
Gemini,zero_shot,vessel_25,100.0,54.2,40.1,0.0,70.0,70.0,58.6,unsatisfactory
Gemini,few_shot,vessel_01,100.0,33.3,44.2,0.0,0.0,10.0,41.0,unsatisfactory
Gemini,few_shot,vessel_02,100.0,58.3,44.2,0.0,70.0,40.0,57.2,unsatisfactory
Gemini,few_shot,vessel_03,100.0,75.0,44.2,66.7,70.0,100.0,77.4,satisfactory
Gemini,few_shot,vessel_04,100.0,54.2,44.2,33.3,70.0,70.0,64.2,satisfactory
Gemini,few_shot,vessel_05,100.0,79.2,44.2,66.7,70.0,100.0,78.4,satisfactory
Gemini,few_shot,vessel_06,100.0,70.8,44.2,100.0,70.0,100.0,81.3,high
Gemini,few_shot,vessel_07,100.0,54.2,44.2,66.7,40.0,100.0,69.2,satisfactory
Gemini,few_shot,vessel_08,100.0,50.0,44.2,33.3,70.0,70.0,63.1,satisfactory
Gemini,few_shot,vessel_09,100.0,62.5,44.2,66.7,70.0,70.0,71.3,satisfactory
Gemini,few_shot,vessel_10,100.0,83.3,44.2,66.7,70.0,100.0,79.5,satisfactory
Gemini,few_shot,vessel_11,100.0,75.0,44.2,66.7,100.0,100.0,80.4,high
Gemini,few_shot,vessel_15,100.0,58.3,44.2,66.7,40.0,70.0,67.2,satisfactory
Gemini,few_shot,vessel_20,100.0,66.7,44.2,66.7,100.0,100.0,78.3,satisfactory
Gemini,few_shot,vessel_21,100.0,62.5,44.2,66.7,100.0,100.0,77.3,satisfactory
Gemini,few_shot,vessel_22,100.0,54.2,44.2,33.3,70.0,70.0,64.2,satisfactory
Gemini,few_shot,vessel_23,100.0,62.5,44.2,33.3,70.0,100.0,69.3,satisfactory
Gemini,few_shot,vessel_24,100.0,75.0,44.2,66.7,100.0,100.0,80.4,high
Gemini,few_shot,vessel_25,100.0,70.8,44.2,66.7,100.0,100.0,79.3,satisfactory
